season,week,contestant_id,celebrity_name,ballroom_partner,judge_score,judge_rank,fan_rank,combined_rank,final_rank,actual_eliminated,predicted_eliminated,slack_sum
1,1,0,John O'Hurley,Charlotte Jorgensen,20.0,1,1,2,,0,0,0
1,1,1,Kelly Monaco,Alec Mazo,13.0,6,6,12,,0,0,0
1,1,2,Evander Holyfield,Edyta Sliwinska,18.0,4,4,8,,0,0,0
1,1,3,Rachel Hunter,Jonathan Roberts,20.0,1,2,3,,0,0,0
1,1,4,Joey McIntyre,Ashly DelGrosso,20.0,1,3,4,,0,0,0
1,1,5,Trista Sutter,Louis van Amstel,18.0,4,5,9,,0,0,0
1,2,0,John O'Hurley,Charlotte Jorgensen,26.0,1,1,2,,0,0,0
1,2,1,Kelly Monaco,Alec Mazo,17.0,5,4,9,,0,0,0
1,2,2,Evander Holyfield,Edyta Sliwinska,14.0,6,3,9,,0,0,0
1,2,3,Rachel Hunter,Jonathan Roberts,24.0,2,2,4,,0,0,0
1,2,4,Joey McIntyre,Ashly DelGrosso,21.0,3,5,8,,0,0,0
1,2,5,Trista Sutter,Louis van Amstel,19.0,4,6,10,,1,1,0
1,3,0,John O'Hurley,Charlotte Jorgensen,24.0,2,2,4,,0,0,0
1,3,1,Kelly Monaco,Alec Mazo,21.0,4,4,8,,0,0,0
1,3,2,Evander Holyfield,Edyta Sliwinska,13.0,5,5,10,,1,1,0
1,3,3,Rachel Hunter,Jonathan Roberts,26.0,1,1,2,,0,0,0
1,3,4,Joey McIntyre,Ashly DelGrosso,22.0,3,3,6,,0,0,0
1,4,0,John O'Hurley,Charlotte Jorgensen,21.0,3,2,5,,0,0,0
1,4,1,Kelly Monaco,Alec Mazo,26.0,1,3,4,,0,0,0
1,4,3,Rachel Hunter,Jonathan Roberts,25.0,2,4,6,,1,1,0
1,4,4,Joey McIntyre,Ashly DelGrosso,20.0,4,1,5,,0,0,0
1,5,0,John O'Hurley,Charlotte Jorgensen,27.0,1,1,2,,0,0,0
1,5,1,Kelly Monaco,Alec Mazo,23.5,2,2,4,,0,0,0
1,5,4,Joey McIntyre,Ashly DelGrosso,22.5,3,3,6,,1,1,0
1,6,0,John O'Hurley,Charlotte Jorgensen,27.0,2,2,4,2,0,0,0
1,6,1,Kelly Monaco,Alec Mazo,27.5,1,1,2,1,0,0,0
2,1,0,Tatum O'Neal,Nick Kosovich,23.0,2,3,5,,0,0,0
2,1,1,Tia Carrere,Maksim Chmerkoskiy,20.0,6,6,12,,0,0,0
2,1,2,George Hamilton,Edyta Sliwinska,18.0,8,9,17,,0,0,0
2,1,3,Lisa Rinna,Louis van Amstel,19.0,7,7,14,,0,0,0
2,1,4,Stacy Keibler,Tony Dovolani,22.0,4,4,8,,0,0,0
2,1,5,Jerry Rice,Anna Trebunskaya,21.0,5,5,10,,0,0,0
2,1,6,Giselle Fernandez,Jonathan Roberts,23.0,2,2,4,,0,0,0
2,1,7,Master P,Ashly DelGrosso,12.0,10,8,18,,0,0,0
2,1,8,Drew Lachey,Cheryl Burke,24.0,1,1,2,,0,0,0
2,1,9,Kenny Mayne,Andrea Hale,13.0,9,10,19,,1,1,0
2,2,0,Tatum O'Neal,Nick Kosovich,17.0,8,9,17,,1,1,0
2,2,1,Tia Carrere,Maksim Chmerkoskiy,22.0,5,5,10,,0,0,0
2,2,2,George Hamilton,Edyta Sliwinska,22.0,5,6,11,,0,0,0
2,2,3,Lisa Rinna,Louis van Amstel,20.0,7,8,15,,0,0,0
2,2,4,Stacy Keibler,Tony Dovolani,29.0,1,1,2,,0,0,0
2,2,5,Jerry Rice,Anna Trebunskaya,23.0,4,4,8,,0,0,0
2,2,6,Giselle Fernandez,Jonathan Roberts,24.0,3,3,6,,0,0,0
2,2,7,Master P,Ashly DelGrosso,16.0,9,7,16,,0,0,0
2,2,8,Drew Lachey,Cheryl Burke,27.0,2,2,4,,0,0,0
2,3,1,Tia Carrere,Maksim Chmerkoskiy,26.0,3,3,6,,0,0,0
2,3,2,George Hamilton,Edyta Sliwinska,22.0,5,7,12,,0,0,0
2,3,3,Lisa Rinna,Louis van Amstel,25.0,4,6,10,,0,0,0
2,3,4,Stacy Keibler,Tony Dovolani,27.0,1,1,2,,0,0,0
2,3,5,Jerry Rice,Anna Trebunskaya,19.0,7,5,12,,0,0,0
2,3,6,Giselle Fernandez,Jonathan Roberts,22.0,5,8,13,,1,1,0
2,3,7,Master P,Ashly DelGrosso,14.0,8,4,12,,0,0,0
2,3,8,Drew Lachey,Cheryl Burke,27.0,1,2,3,,0,0,0
2,4,1,Tia Carrere,Maksim Chmerkoskiy,25.0,4,4,8,,0,0,0
2,4,2,George Hamilton,Edyta Sliwinska,21.0,6,6,12,,0,0,0
2,4,3,Lisa Rinna,Louis van Amstel,26.0,2,3,5,,0,0,0
2,4,4,Stacy Keibler,Tony Dovolani,26.0,2,2,4,,0,0,0
2,4,5,Jerry Rice,Anna Trebunskaya,24.0,5,5,10,,0,0,0
2,4,7,Master P,Ashly DelGrosso,8.0,7,7,14,,1,1,0
2,4,8,Drew Lachey,Cheryl Burke,28.0,1,1,2,,0,0,0
2,5,1,Tia Carrere,Maksim Chmerkoskiy,22.0,6,6,12,,1,1,0
2,5,2,George Hamilton,Edyta Sliwinska,24.0,4,4,8,,0,0,0
2,5,3,Lisa Rinna,Louis van Amstel,25.0,3,3,6,,0,0,0
2,5,4,Stacy Keibler,Tony Dovolani,30.0,1,1,2,,0,0,0
2,5,5,Jerry Rice,Anna Trebunskaya,23.0,5,5,10,,0,0,0
2,5,8,Drew Lachey,Cheryl Burke,27.0,2,2,4,,0,0,0
2,6,2,George Hamilton,Edyta Sliwinska,23.0,4,5,9,,1,1,0
2,6,3,Lisa Rinna,Louis van Amstel,27.0,3,3,6,,0,0,0
2,6,4,Stacy Keibler,Tony Dovolani,30.0,1,2,3,,0,0,0
2,6,5,Jerry Rice,Anna Trebunskaya,23.0,4,4,8,,0,0,0
2,6,8,Drew Lachey,Cheryl Burke,30.0,1,1,2,,0,0,0
2,7,3,Lisa Rinna,Louis van Amstel,26.5,3,4,7,,1,1,0
2,7,4,Stacy Keibler,Tony Dovolani,27.5,1,3,4,,0,0,0
2,7,5,Jerry Rice,Anna Trebunskaya,20.5,4,2,6,,0,0,0
2,7,8,Drew Lachey,Cheryl Burke,27.5,1,1,2,,0,0,0
2,8,4,Stacy Keibler,Tony Dovolani,28.6665,2,3,5,2,0,0,0
2,8,5,Jerry Rice,Anna Trebunskaya,26.6666,3,2,5,3,0,0,0
2,8,8,Drew Lachey,Cheryl Burke,28.9998,1,1,2,1,0,0,0
28,1,0,Kate Flannery,Pasha Pashkov,15.0,9,9,18,,0,0,0
28,1,1,James Van Der Beek,Emma Slater,21.0,1,1,2,,0,0,0
28,1,2,Kel Mitchell,Witney Carson,16.0,7,8,15,,0,0,0
28,1,3,Ray Lewis,Cheryl Burke,15.0,9,10,19,,0,0,0
28,1,4,Lamar Odom,Peta Murgatroyd,11.0,12,12,24,,0,0,0
28,1,5,Sailor Brinkley-Cook,Valentin Chmerkovskiy,18.0,4,4,8,,0,0,0
28,1,6,Sean Spicer,Lindsay Arnold,12.0,11,11,22,,0,0,0
28,1,7,Mary Wilson,Brandon Armstrong,17.0,5,6,11,,0,0,0
28,1,8,Lauren Alaina,Gleb Savchenko,19.0,3,3,6,,0,0,0
28,1,9,Ally Brooke,Sasha Farber,16.0,7,7,14,,0,0,0
28,1,10,Karamo Brown,Jenna Johnson,17.0,5,5,10,,0,0,0
28,1,11,Hannah Brown,Alan Bersten,20.0,2,2,4,,0,0,0
28,2,0,Kate Flannery,Pasha Pashkov,21.0,2,3,5,,0,0,0
28,2,1,James Van Der Beek,Emma Slater,20.0,3,2,5,,0,0,0
28,2,2,Kel Mitchell,Witney Carson,20.0,3,5,8,,0,0,0
28,2,3,Ray Lewis,Cheryl Burke,15.0,10,11,21,,0,0,0
28,2,4,Lamar Odom,Peta Murgatroyd,12.0,12,9,21,,0,0,0
28,2,5,Sailor Brinkley-Cook,Valentin Chmerkovskiy,18.0,8,8,16,,0,0,0
28,2,6,Sean Spicer,Lindsay Arnold,16.0,9,10,19,,0,0,0
28,2,7,Mary Wilson,Brandon Armstrong,15.0,10,12,22,,1,1,0
28,2,8,Lauren Alaina,Gleb Savchenko,19.0,6,6,12,,0,0,0
28,2,9,Ally Brooke,Sasha Farber,20.0,3,4,7,,0,0,0
28,2,10,Karamo Brown,Jenna Johnson,19.0,6,7,13,,0,0,0
28,2,11,Hannah Brown,Alan Bersten,24.0,1,1,2,,0,0,0
28,3,0,Kate Flannery,Pasha Pashkov,24.0,1,2,3,,0,0,0
28,3,1,James Van Der Beek,Emma Slater,23.0,3,3,6,,0,0,0
28,3,2,Kel Mitchell,Witney Carson,20.0,6,6,12,,0,0,0
28,3,4,Lamar Odom,Peta Murgatroyd,12.0,10,10,20,,0,0,0
28,3,5,Sailor Brinkley-Cook,Valentin Chmerkovskiy,23.0,3,4,7,,0,0,0
28,3,6,Sean Spicer,Lindsay Arnold,15.0,9,9,18,,0,0,0
28,3,8,Lauren Alaina,Gleb Savchenko,20.0,6,7,13,,0,0,0
28,3,9,Ally Brooke,Sasha Farber,24.0,1,1,2,,0,0,0
28,3,10,Karamo Brown,Jenna Johnson,16.0,8,8,16,,0,0,0
28,3,11,Hannah Brown,Alan Bersten,21.0,5,5,10,,0,0,0
28,4,0,Kate Flannery,Pasha Pashkov,26.0,8,8,16,,0,0,0
28,4,1,James Van Der Beek,Emma Slater,28.0,6,6,12,,0,0,0
28,4,2,Kel Mitchell,Witney Carson,32.0,1,2,3,,0,0,0
28,4,4,Lamar Odom,Peta Murgatroyd,20.0,10,10,20,,1,1,0
28,4,5,Sailor Brinkley-Cook,Valentin Chmerkovskiy,31.0,5,5,10,,0,0,0
28,4,6,Sean Spicer,Lindsay Arnold,21.0,9,9,18,,0,0,0
28,4,8,Lauren Alaina,Gleb Savchenko,32.0,1,4,5,,0,0,0
28,4,9,Ally Brooke,Sasha Farber,32.0,1,1,2,,0,0,0
28,4,10,Karamo Brown,Jenna Johnson,28.0,6,7,13,,0,0,0
28,4,11,Hannah Brown,Alan Bersten,32.0,1,3,4,,0,0,0
28,5,0,Kate Flannery,Pasha Pashkov,24.0,5,6,11,,0,0,0
28,5,1,James Van Der Beek,Emma Slater,26.0,2,3,5,,0,0,0
28,5,2,Kel Mitchell,Witney Carson,26.0,2,2,4,,0,0,0
28,5,5,Sailor Brinkley-Cook,Valentin Chmerkovskiy,24.0,5,5,10,,0,0,0
28,5,6,Sean Spicer,Lindsay Arnold,19.0,9,9,18,,0,0,0
28,5,8,Lauren Alaina,Gleb Savchenko,23.0,7,7,14,,0,0,0
28,5,9,Ally Brooke,Sasha Farber,27.0,1,1,2,,0,0,0
28,5,10,Karamo Brown,Jenna Johnson,21.0,8,8,16,,0,0,0
28,5,11,Hannah Brown,Alan Bersten,25.0,4,4,8,,0,0,0
28,6,0,Kate Flannery,Pasha Pashkov,27.0,1,8,9,,0,0,0
28,6,1,James Van Der Beek,Emma Slater,27.0,1,7,8,,0,0,0
28,6,2,Kel Mitchell,Witney Carson,26.0,4,5,9,,0,0,0
28,6,5,Sailor Brinkley-Cook,Valentin Chmerkovskiy,27.0,1,9,10,,1,0,0
28,6,6,Sean Spicer,Lindsay Arnold,21.0,9,2,11,,0,1,2
28,6,8,Lauren Alaina,Gleb Savchenko,26.0,4,6,10,,0,0,1
28,6,9,Ally Brooke,Sasha Farber,25.0,6,3,9,,0,0,0
28,6,10,Karamo Brown,Jenna Johnson,25.0,6,4,10,,0,0,1
28,6,11,Hannah Brown,Alan Bersten,24.0,8,1,9,,0,0,0
28,7,0,Kate Flannery,Pasha Pashkov,24.0,7,6,13,,0,0,0
28,7,1,James Van Der Beek,Emma Slater,27.0,1,2,3,,0,0,0
28,7,2,Kel Mitchell,Witney Carson,25.5,5,7,12,,0,0,0
28,7,6,Sean Spicer,Lindsay Arnold,21.0,8,5,13,,0,0,0
28,7,8,Lauren Alaina,Gleb Savchenko,27.0,1,3,4,,0,0,0
28,7,9,Ally Brooke,Sasha Farber,27.0,1,1,2,,0,0,0
28,7,10,Karamo Brown,Jenna Johnson,24.5,6,8,14,,1,1,0
28,7,11,Hannah Brown,Alan Bersten,26.0,4,4,8,,0,0,0
28,8,0,Kate Flannery,Pasha Pashkov,25.9998,5,7,12,,1,1,0
28,8,1,James Van Der Beek,Emma Slater,31.9998,1,1,2,,0,0,0
28,8,2,Kel Mitchell,Witney Carson,29.9998,4,6,10,,0,0,0
28,8,6,Sean Spicer,Lindsay Arnold,20.0,7,4,11,,0,0,0
28,8,8,Lauren Alaina,Gleb Savchenko,24.0,6,5,11,,0,0,0
28,8,9,Ally Brooke,Sasha Farber,30.0,3,2,5,,0,0,0
28,8,11,Hannah Brown,Alan Bersten,30.9998,2,3,5,,0,0,0
28,9,1,James Van Der Beek,Emma Slater,36.0,3,3,6,,0,0,0
28,9,2,Kel Mitchell,Witney Carson,37.0,2,2,4,,0,0,0
28,9,6,Sean Spicer,Lindsay Arnold,25.0,6,6,12,,1,1,0
28,9,8,Lauren Alaina,Gleb Savchenko,35.0,5,5,10,,0,0,0
28,9,9,Ally Brooke,Sasha Farber,40.0,1,1,2,,0,0,0
28,9,11,Hannah Brown,Alan Bersten,35.5,4,4,8,,0,0,0
28,10,1,James Van Der Beek,Emma Slater,25.5,5,5,10,,1,1,0
28,10,2,Kel Mitchell,Witney Carson,28.5,2,2,4,,0,0,0
28,10,8,Lauren Alaina,Gleb Savchenko,27.0,3,4,7,,0,0,0
28,10,9,Ally Brooke,Sasha Farber,29.5,1,1,2,,0,0,0
28,10,11,Hannah Brown,Alan Bersten,27.0,3,3,6,,0,0,0
28,11,2,Kel Mitchell,Witney Carson,29.5,2,2,4,1,0,0,0
28,11,8,Lauren Alaina,Gleb Savchenko,28.5,4,4,8,4,0,0,0
28,11,9,Ally Brooke,Sasha Farber,30.0,1,3,4,2,0,0,0
28,11,11,Hannah Brown,Alan Bersten,29.0,3,1,4,3,0,0,0
29,1,0,Anne Heche,Keo Motsepe,18.0,6,10,16,,0,0,0
29,1,1,Jesse Metcalfe,Sharna Burgess,18.0,6,5,11,,0,0,0
29,1,2,Chrishell Stause,Gleb Savchenko,13.0,13,13,26,,0,0,0
29,1,3,Skai Jackson,Alan Bersten,21.0,1,4,5,,0,0,0
29,1,4,Justina Machado,Sasha Farber,21.0,1,1,2,,0,0,0
29,1,5,Charles Oakley,Emma Slater,12.0,14,14,28,,0,0,0
29,1,6,Veron Davis,Peta Murgatroyd,17.0,11,11,22,,0,0,0
29,1,7,Johnny Weir,Britt Stewart,18.0,6,6,12,,0,0,0
29,1,8,Nev Schulman,Jenna Johnson,20.0,3,3,6,,0,0,0
29,1,9,AJ McLean,Cheryl Burke,18.0,6,7,13,,0,0,0
29,1,10,Nelly,Daniella Karagach,16.0,12,12,24,,0,0,0
29,1,11,Kaitlyn Bristowe,Artem Chigvintsev,20.0,3,2,5,,0,0,0
29,1,12,Carole Baskin,Pasha Pashkov,11.0,15,15,30,,0,0,0
29,1,13,Monica Aldama,Valentin Chmerkovskiy,19.0,5,9,14,,0,0,0
29,1,14,Jeannie Mai,Brandon Armstrong,18.0,6,8,14,,0,0,0
29,2,0,Anne Heche,Keo Motsepe,18.0,6,10,16,,0,0,0
29,2,1,Jesse Metcalfe,Sharna Burgess,20.0,4,4,8,,0,0,0
29,2,2,Chrishell Stause,Gleb Savchenko,18.0,6,9,15,,0,0,0
29,2,3,Skai Jackson,Alan Bersten,15.0,14,13,27,,0,0,0
29,2,4,Justina Machado,Sasha Farber,21.0,2,3,5,,0,0,0
29,2,5,Charles Oakley,Emma Slater,15.0,14,15,29,,1,1,0
29,2,6,Veron Davis,Peta Murgatroyd,18.0,6,8,14,,0,0,0
29,2,7,Johnny Weir,Britt Stewart,18.0,6,5,11,,0,0,0
29,2,8,Nev Schulman,Jenna Johnson,21.0,2,2,4,,0,0,0
29,2,9,AJ McLean,Cheryl Burke,19.0,5,6,11,,0,0,0
29,2,10,Nelly,Daniella Karagach,18.0,6,11,17,,0,0,0
29,2,11,Kaitlyn Bristowe,Artem Chigvintsev,22.0,1,1,2,,0,0,0
29,2,12,Carole Baskin,Pasha Pashkov,16.0,12,14,26,,0,0,0
29,2,13,Monica Aldama,Valentin Chmerkovskiy,16.0,12,12,24,,0,0,0
29,2,14,Jeannie Mai,Brandon Armstrong,18.0,6,7,13,,0,0,0
29,3,0,Anne Heche,Keo Motsepe,15.0,13,13,26,,0,0,0
29,3,1,Jesse Metcalfe,Sharna Burgess,20.0,9,10,19,,0,0,0
29,3,2,Chrishell Stause,Gleb Savchenko,22.0,4,6,10,,0,0,0
29,3,3,Skai Jackson,Alan Bersten,18.0,11,11,22,,0,0,0
29,3,4,Justina Machado,Sasha Farber,19.0,10,9,19,,0,0,0
29,3,6,Veron Davis,Peta Murgatroyd,22.0,4,4,8,,0,0,0
29,3,7,Johnny Weir,Britt Stewart,24.0,1,2,3,,0,0,0
29,3,8,Nev Schulman,Jenna Johnson,24.0,1,1,2,,0,0,0
29,3,9,AJ McLean,Cheryl Burke,21.0,7,7,14,,0,0,0
29,3,10,Nelly,Daniella Karagach,18.0,11,12,23,,0,0,0
29,3,11,Kaitlyn Bristowe,Artem Chigvintsev,23.0,3,3,6,,0,0,0
29,3,12,Carole Baskin,Pasha Pashkov,12.0,14,14,28,,1,1,0
29,3,13,Monica Aldama,Valentin Chmerkovskiy,21.0,7,8,15,,0,0,0
29,3,14,Jeannie Mai,Brandon Armstrong,22.0,4,5,9,,0,0,0
29,4,0,Anne Heche,Keo Motsepe,21.0,10,13,23,,1,1,0
29,4,1,Jesse Metcalfe,Sharna Burgess,21.0,10,12,22,,0,0,0
29,4,2,Chrishell Stause,Gleb Savchenko,22.0,8,9,17,,0,0,0
29,4,3,Skai Jackson,Alan Bersten,28.0,1,4,5,,0,0,0
29,4,4,Justina Machado,Sasha Farber,24.0,3,7,10,,0,0,0
29,4,6,Veron Davis,Peta Murgatroyd,22.0,8,8,16,,0,0,0
29,4,7,Johnny Weir,Britt Stewart,24.0,3,2,5,,0,0,0
29,4,8,Nev Schulman,Jenna Johnson,24.0,3,3,6,,0,0,0
29,4,9,AJ McLean,Cheryl Burke,24.0,3,6,9,,0,0,0
29,4,10,Nelly,Daniella Karagach,21.0,10,11,21,,0,0,0
29,4,11,Kaitlyn Bristowe,Artem Chigvintsev,25.0,2,1,3,,0,0,0
29,4,13,Monica Aldama,Valentin Chmerkovskiy,24.0,3,5,8,,0,0,0
29,4,14,Jeannie Mai,Brandon Armstrong,21.0,10,10,20,,0,0,0
29,5,1,Jesse Metcalfe,Sharna Burgess,19.0,11,12,23,,1,1,0
29,5,2,Chrishell Stause,Gleb Savchenko,19.0,11,11,22,,0,0,0
29,5,3,Skai Jackson,Alan Bersten,24.0,5,7,12,,0,0,0
29,5,4,Justina Machado,Sasha Farber,24.0,5,6,11,,0,0,0
29,5,6,Veron Davis,Peta Murgatroyd,21.0,10,10,20,,0,0,0
29,5,7,Johnny Weir,Britt Stewart,29.0,1,2,3,,0,0,0
29,5,8,Nev Schulman,Jenna Johnson,26.0,3,3,6,,0,0,0
29,5,9,AJ McLean,Cheryl Burke,24.0,5,5,10,,0,0,0
29,5,10,Nelly,Daniella Karagach,24.0,5,9,14,,0,0,0
29,5,11,Kaitlyn Bristowe,Artem Chigvintsev,27.0,2,1,3,,0,0,0
29,5,13,Monica Aldama,Valentin Chmerkovskiy,26.0,3,4,7,,0,0,0
29,5,14,Jeannie Mai,Brandon Armstrong,24.0,5,8,13,,0,0,0
29,6,2,Chrishell Stause,Gleb Savchenko,24.0,7,10,17,,0,0,0
29,6,3,Skai Jackson,Alan Bersten,18.0,11,9,20,,0,0,0
29,6,4,Justina Machado,Sasha Farber,27.0,1,3,4,,0,0,0
29,6,6,Veron Davis,Peta Murgatroyd,21.0,10,11,21,,1,1,0
29,6,7,Johnny Weir,Britt Stewart,22.0,9,8,17,,0,0,0
29,6,8,Nev Schulman,Jenna Johnson,26.0,5,5,10,,0,0,0
29,6,9,AJ McLean,Cheryl Burke,27.0,1,2,3,,0,0,0
29,6,10,Nelly,Daniella Karagach,24.0,7,7,14,,0,0,0
29,6,11,Kaitlyn Bristowe,Artem Chigvintsev,27.0,1,1,2,,0,0,0
29,6,13,Monica Aldama,Valentin Chmerkovskiy,27.0,1,4,5,,0,0,0
29,6,14,Jeannie Mai,Brandon Armstrong,25.0,6,6,12,,0,0,0
29,7,2,Chrishell Stause,Gleb Savchenko,26.0,5,7,12,,0,0,0
29,7,3,Skai Jackson,Alan Bersten,27.0,2,4,6,,0,0,0
29,7,4,Justina Machado,Sasha Farber,26.0,5,5,10,,0,0,0
29,7,7,Johnny Weir,Britt Stewart,27.0,2,2,4,,0,0,0
29,7,8,Nev Schulman,Jenna Johnson,30.0,1,1,2,,0,0,0
29,7,9,AJ McLean,Cheryl Burke,26.0,5,6,11,,0,0,0
29,7,10,Nelly,Daniella Karagach,27.0,2,3,5,,0,0,0
29,7,11,Kaitlyn Bristowe,Artem Chigvintsev,24.0,9,8,17,,0,0,0
29,7,13,Monica Aldama,Valentin Chmerkovskiy,22.0,10,10,20,,1,1,0
29,7,14,Jeannie Mai,Brandon Armstrong,25.0,8,9,17,,0,0,0
29,8,2,Chrishell Stause,Gleb Savchenko,27.0,5,8,13,,1,1,0
29,8,3,Skai Jackson,Alan Bersten,26.9998,7,5,12,,0,0,0
29,8,4,Justina Machado,Sasha Farber,28.9998,3,3,6,,0,0,0
29,8,7,Johnny Weir,Britt Stewart,30.0,1,1,2,,0,0,0
29,8,8,Nev Schulman,Jenna Johnson,30.0,1,2,3,,0,0,0
29,8,9,AJ McLean,Cheryl Burke,27.0,5,7,12,,0,0,0
29,8,10,Nelly,Daniella Karagach,24.0,8,4,12,,0,0,0
29,8,11,Kaitlyn Bristowe,Artem Chigvintsev,28.0,4,6,10,,0,0,0
29,9,3,Skai Jackson,Alan Bersten,28.9998,3,4,7,,0,0,0
29,9,4,Justina Machado,Sasha Farber,25.9998,5,6,11,,0,0,0
29,9,7,Johnny Weir,Britt Stewart,30.0,1,1,2,,0,0,0
29,9,8,Nev Schulman,Jenna Johnson,28.9998,3,3,6,,0,0,0
29,9,9,AJ McLean,Cheryl Burke,24.9998,6,7,13,,1,1,0
29,9,10,Nelly,Daniella Karagach,24.0,7,5,12,,0,0,0
29,9,11,Kaitlyn Bristowe,Artem Chigvintsev,30.0,1,2,3,,0,0,0
29,10,3,Skai Jackson,Alan Bersten,28.5,4,6,10,,1,1,2
29,10,4,Justina Machado,Sasha Farber,29.0,3,4,7,,0,0,0
29,10,7,Johnny Weir,Britt Stewart,28.5,4,5,9,,1,1,0
29,10,8,Nev Schulman,Jenna Johnson,30.0,1,3,4,,0,0,0
29,10,10,Nelly,Daniella Karagach,28.0,6,2,8,,0,0,0
29,10,11,Kaitlyn Bristowe,Artem Chigvintsev,30.0,1,1,2,,0,0,0
29,11,4,Justina Machado,Sasha Farber,30.0,1,4,5,3,0,0,0
29,11,8,Nev Schulman,Jenna Johnson,30.0,1,3,4,2,0,0,0
29,11,10,Nelly,Daniella Karagach,28.5,4,1,5,4,0,0,0
29,11,11,Kaitlyn Bristowe,Artem Chigvintsev,30.0,1,2,3,1,0,0,0
30,1,0,Martin Kove,Britt Stewart,13.0,15,15,30,,0,0,0
30,1,1,Brian Austin Green,Sharna Burgess,24.0,9,11,20,,0,0,0
30,1,2,Melora Hardin,Artem Chigvintsev,26.0,5,5,10,,0,0,0
30,1,3,Matt James,Lindsay Arnold,24.0,9,12,21,,0,0,0
30,1,4,"Mike ""The Miz"" Mizanin",Witney Carson,24.0,9,9,18,,0,0,0
30,1,5,Suni Lee,Sasha Farber,28.0,2,3,5,,0,0,0
30,1,6,Iman Shumpert,Daniella Karagach,21.0,14,14,28,,0,0,0
30,1,7,Cody Rigsby,Cheryl Burke,24.0,9,10,19,,0,0,0
30,1,8,Melanie C,Gleb Savchenko,27.0,4,4,8,,0,0,0
30,1,9,Jimmie Allen,Emma Slater,22.0,13,13,26,,0,0,0
30,1,10,Olivia Jade,Valentin Chmerkovskiy,25.0,7,7,14,,0,0,0
30,1,11,JoJo Siwa,Jenna Johnson,29.0,1,1,2,,0,0,0
30,1,12,Christine Chiu,Pasha Pashkov,25.0,7,8,15,,0,0,0
30,1,13,Kenya Moore,Brandon Armstrong,26.0,5,6,11,,0,0,0
30,1,14,Amanda Kloots,Alan Bersten,28.0,2,2,4,,0,0,0
30,2,0,Martin Kove,Britt Stewart,15.0,15,15,30,,1,1,0
30,2,1,Brian Austin Green,Sharna Burgess,23.0,13,13,26,,0,0,0
30,2,2,Melora Hardin,Artem Chigvintsev,27.0,5,4,9,,0,0,0
30,2,3,Matt James,Lindsay Arnold,22.0,14,14,28,,0,0,0
30,2,4,"Mike ""The Miz"" Mizanin",Witney Carson,26.0,8,8,16,,0,0,0
30,2,5,Suni Lee,Sasha Farber,28.0,4,5,9,,0,0,0
30,2,6,Iman Shumpert,Daniella Karagach,25.0,9,9,18,,0,0,0
30,2,7,Cody Rigsby,Cheryl Burke,24.0,10,10,20,,0,0,0
30,2,8,Melanie C,Gleb Savchenko,30.0,3,3,6,,0,0,0
30,2,9,Jimmie Allen,Emma Slater,27.0,5,7,12,,0,0,0
30,2,10,Olivia Jade,Valentin Chmerkovskiy,27.0,5,6,11,,0,0,0
30,2,11,JoJo Siwa,Jenna Johnson,31.0,2,2,4,,0,0,0
30,2,12,Christine Chiu,Pasha Pashkov,24.0,10,12,22,,0,0,0
30,2,13,Kenya Moore,Brandon Armstrong,24.0,10,11,21,,0,0,0
30,2,14,Amanda Kloots,Alan Bersten,32.0,1,1,2,,0,0,0
30,3,1,Brian Austin Green,Sharna Burgess,19.0,12,8,20,,0,0,0
30,3,2,Melora Hardin,Artem Chigvintsev,23.0,4,4,8,,0,0,0
30,3,3,Matt James,Lindsay Arnold,20.0,10,10,20,,0,0,0
30,3,4,"Mike ""The Miz"" Mizanin",Witney Carson,22.0,5,11,16,,0,0,0
30,3,5,Suni Lee,Sasha Farber,21.0,7,12,19,,0,0,0
30,3,6,Iman Shumpert,Daniella Karagach,19.0,12,7,19,,0,0,0
30,3,7,Cody Rigsby,Cheryl Burke,18.0,14,6,20,,0,0,0
30,3,8,Melanie C,Gleb Savchenko,22.0,5,5,10,,0,0,0
30,3,9,Jimmie Allen,Emma Slater,20.0,10,9,19,,0,0,0
30,3,10,Olivia Jade,Valentin Chmerkovskiy,24.0,1,3,4,,0,0,0
30,3,11,JoJo Siwa,Jenna Johnson,24.0,1,1,2,,0,0,0
30,3,12,Christine Chiu,Pasha Pashkov,21.0,7,14,21,,1,1,0
30,3,13,Kenya Moore,Brandon Armstrong,21.0,7,13,20,,0,0,0
30,3,14,Amanda Kloots,Alan Bersten,24.0,1,2,3,,0,0,0
30,4,1,Brian Austin Green,Sharna Burgess,26.0,13,12,25,,1,1,1
30,4,2,Melora Hardin,Artem Chigvintsev,36.5,1,2,3,,0,0,0
30,4,3,Matt James,Lindsay Arnold,28.5,12,13,25,,1,1,1
30,4,4,"Mike ""The Miz"" Mizanin",Witney Carson,32.5,7,8,15,,0,0,0
30,4,5,Suni Lee,Sasha Farber,34.0,4,5,9,,0,0,0
30,4,6,Iman Shumpert,Daniella Karagach,31.5,9,9,18,,0,0,0
30,4,7,Cody Rigsby,Cheryl Burke,29.0,11,10,21,,0,0,0
30,4,8,Melanie C,Gleb Savchenko,33.0,6,6,12,,0,0,0
30,4,9,Jimmie Allen,Emma Slater,32.5,7,7,14,,0,0,0
30,4,10,Olivia Jade,Valentin Chmerkovskiy,35.0,2,3,5,,0,0,0
30,4,11,JoJo Siwa,Jenna Johnson,35.0,2,1,3,,0,0,0
30,4,13,Kenya Moore,Brandon Armstrong,29.5,10,11,21,,0,0,0
30,4,14,Amanda Kloots,Alan Bersten,34.0,4,4,8,,0,0,0
30,5,2,Melora Hardin,Artem Chigvintsev,36.0,3,8,11,,0,0,0
30,5,4,"Mike ""The Miz"" Mizanin",Witney Carson,32.0,9,4,13,,0,0,0
30,5,5,Suni Lee,Sasha Farber,36.0,3,9,12,,0,0,0
30,5,6,Iman Shumpert,Daniella Karagach,28.0,11,2,13,,0,0,0
30,5,7,Cody Rigsby,Cheryl Burke,32.0,9,3,12,,0,0,0
30,5,8,Melanie C,Gleb Savchenko,36.0,3,11,14,,1,1,0
30,5,9,Jimmie Allen,Emma Slater,34.0,8,5,13,,0,0,0
30,5,10,Olivia Jade,Valentin Chmerkovskiy,36.0,3,7,10,,0,0,0
30,5,11,JoJo Siwa,Jenna Johnson,40.0,1,1,2,,0,0,0
30,5,13,Kenya Moore,Brandon Armstrong,36.0,3,10,13,,0,0,0
30,5,14,Amanda Kloots,Alan Bersten,39.0,2,6,8,,0,0,0
30,6,2,Melora Hardin,Artem Chigvintsev,34.0,8,8,16,,0,0,0
30,6,4,"Mike ""The Miz"" Mizanin",Witney Carson,34.0,8,9,17,,0,0,0
30,6,5,Suni Lee,Sasha Farber,36.0,5,7,12,,0,0,0
30,6,6,Iman Shumpert,Daniella Karagach,40.0,1,2,3,,0,0,0
30,6,7,Cody Rigsby,Cheryl Burke,36.0,5,5,10,,0,0,0
30,6,9,Jimmie Allen,Emma Slater,38.0,3,3,6,,0,0,0
30,6,10,Olivia Jade,Valentin Chmerkovskiy,36.0,5,6,11,,0,0,0
30,6,11,JoJo Siwa,Jenna Johnson,40.0,1,1,2,,0,0,0
30,6,13,Kenya Moore,Brandon Armstrong,32.0,10,10,20,,1,1,0
30,6,14,Amanda Kloots,Alan Bersten,38.0,3,4,7,,0,0,0
30,7,2,Melora Hardin,Artem Chigvintsev,38.0,3,3,6,,0,0,0
30,7,4,"Mike ""The Miz"" Mizanin",Witney Carson,32.0,9,9,18,,1,1,0
30,7,5,Suni Lee,Sasha Farber,34.0,6,8,14,,0,0,0
30,7,6,Iman Shumpert,Daniella Karagach,34.0,6,7,13,,0,0,0
30,7,7,Cody Rigsby,Cheryl Burke,36.0,5,5,10,,0,0,0
30,7,9,Jimmie Allen,Emma Slater,38.0,3,4,7,,0,0,0
30,7,10,Olivia Jade,Valentin Chmerkovskiy,42.0,1,2,3,,0,0,0
30,7,11,JoJo Siwa,Jenna Johnson,39.0,2,1,3,,0,0,0
30,7,14,Amanda Kloots,Alan Bersten,34.0,6,6,12,,0,0,0
30,8,2,Melora Hardin,Artem Chigvintsev,42.0,1,1,2,,0,0,0
30,8,5,Suni Lee,Sasha Farber,42.0,1,3,4,,0,0,0
30,8,6,Iman Shumpert,Daniella Karagach,35.0,7,6,13,,0,0,0
30,8,7,Cody Rigsby,Cheryl Burke,38.0,5,5,10,,0,0,0
30,8,9,Jimmie Allen,Emma Slater,32.0,8,7,15,,1,1,2
30,8,10,Olivia Jade,Valentin Chmerkovskiy,36.0,6,8,14,,1,1,0
30,8,11,JoJo Siwa,Jenna Johnson,41.0,4,4,8,,0,0,0
30,8,14,Amanda Kloots,Alan Bersten,42.0,1,2,3,,0,0,0
30,9,2,Melora Hardin,Artem Chigvintsev,36.0,5,5,10,,1,1,2
30,9,5,Suni Lee,Sasha Farber,37.5,3,6,9,,1,1,0
30,9,6,Iman Shumpert,Daniella Karagach,37.5,3,4,7,,0,0,0
30,9,7,Cody Rigsby,Cheryl Burke,35.5,6,2,8,,0,0,0
30,9,11,JoJo Siwa,Jenna Johnson,40.0,1,1,2,,0,0,0
30,9,14,Amanda Kloots,Alan Bersten,39.5,2,3,5,,0,0,0
30,10,6,Iman Shumpert,Daniella Karagach,40.0,1,1,2,1,0,0,0
30,10,7,Cody Rigsby,Cheryl Burke,38.0,4,3,7,3,0,0,0
30,10,11,JoJo Siwa,Jenna Johnson,40.0,1,2,3,2,0,0,0
30,10,14,Amanda Kloots,Alan Bersten,39.0,3,4,7,4,0,0,0
31,1,0,Jason Lewis,Peta Murgatroyd,18.0,15,16,31,,1,1,0
31,1,1,Cheryl Ladd,Louis van Amstel,21.0,10,11,21,,0,0,0
31,1,2,Selma Blair,Sasha Farber,28.0,3,5,8,,0,0,0
31,1,3,Joseph Baena,Daniella Karagach,23.0,9,10,19,,0,0,0
31,1,4,Trevor Donovan,Emma Slater,21.0,10,9,19,,0,0,0
31,1,5,Daniel Durant,Britt Stewart,27.0,6,6,12,,0,0,0
31,1,6,Wayne Brady,Witney Carson,29.0,2,2,4,,0,0,0
31,1,7,Sam Champion,Cheryl Burke,20.0,12,12,24,,0,0,0
31,1,8,Jessie James Decker,Alan Bersten,20.0,12,13,25,,0,0,0
31,1,9,Jordin Sparks,Brandon Armstrong,26.0,7,7,14,,0,0,0
31,1,10,Heidi D'Amelio,Artem Chigvintsev,24.0,8,8,16,,0,0,0
31,1,11,Charli D'Amelio,Mark Ballas,32.0,1,1,2,,0,0,0
31,1,12,Teresa Giudice,Pasha Pashkov,20.0,12,15,27,,0,0,0
31,1,13,Vinny Guadagnino,Koko Iwasaki,17.0,16,14,30,,0,0,0
31,1,14,Shangela,Gleb Savchenko,28.0,3,4,7,,0,0,0
31,1,15,Gabby Windey,Valentin Chmerkovskiy,28.0,3,3,6,,0,0,0
31,2,1,Cheryl Ladd,Louis van Amstel,21.0,15,13,28,,0,0,0
31,2,2,Selma Blair,Sasha Farber,28.0,6,8,14,,0,0,0
31,2,3,Joseph Baena,Daniella Karagach,24.0,13,12,25,,0,0,0
31,2,4,Trevor Donovan,Emma Slater,30.0,4,5,9,,0,0,0
31,2,5,Daniel Durant,Britt Stewart,29.0,5,4,9,,0,0,0
31,2,6,Wayne Brady,Witney Carson,32.0,1,2,3,,0,0,0
31,2,7,Sam Champion,Cheryl Burke,26.0,11,11,22,,0,0,0
31,2,8,Jessie James Decker,Alan Bersten,25.0,12,14,26,,0,0,0
31,2,9,Jordin Sparks,Brandon Armstrong,27.0,9,9,18,,0,0,0
31,2,10,Heidi D'Amelio,Artem Chigvintsev,28.0,6,7,13,,0,0,0
31,2,11,Charli D'Amelio,Mark Ballas,32.0,1,1,2,,0,0,0
31,2,12,Teresa Giudice,Pasha Pashkov,23.0,14,15,29,,1,1,0
31,2,13,Vinny Guadagnino,Koko Iwasaki,27.0,9,10,19,,0,0,0
31,2,14,Shangela,Gleb Savchenko,28.0,6,6,12,,0,0,0
31,2,15,Gabby Windey,Valentin Chmerkovskiy,32.0,1,3,4,,0,0,0
31,3,1,Cheryl Ladd,Louis van Amstel,24.0,13,14,27,,1,1,0
31,3,2,Selma Blair,Sasha Farber,28.0,9,9,18,,0,0,0
31,3,3,Joseph Baena,Daniella Karagach,29.0,7,8,15,,0,0,0
31,3,4,Trevor Donovan,Emma Slater,27.0,10,10,20,,0,0,0
31,3,5,Daniel Durant,Britt Stewart,31.0,5,5,10,,0,0,0
31,3,6,Wayne Brady,Witney Carson,33.0,1,3,4,,0,0,0
31,3,7,Sam Champion,Cheryl Burke,25.0,12,13,25,,0,0,0
31,3,8,Jessie James Decker,Alan Bersten,26.0,11,11,22,,0,0,0
31,3,9,Jordin Sparks,Brandon Armstrong,29.0,7,7,14,,0,0,0
31,3,10,Heidi D'Amelio,Artem Chigvintsev,32.0,4,4,8,,0,0,0
31,3,11,Charli D'Amelio,Mark Ballas,33.0,1,1,2,,0,0,0
31,3,13,Vinny Guadagnino,Koko Iwasaki,23.0,14,12,26,,0,0,0
31,3,14,Shangela,Gleb Savchenko,30.0,6,6,12,,0,0,0
31,3,15,Gabby Windey,Valentin Chmerkovskiy,33.0,1,2,3,,0,0,0
31,4,2,Selma Blair,Sasha Farber,32.0,6,7,13,,0,0,0
31,4,3,Joseph Baena,Daniella Karagach,28.0,11,12,23,,0,0,0
31,4,4,Trevor Donovan,Emma Slater,28.0,11,11,22,,0,0,0
31,4,5,Daniel Durant,Britt Stewart,29.0,9,9,18,,0,0,0
31,4,6,Wayne Brady,Witney Carson,36.0,1,3,4,,0,0,0
31,4,7,Sam Champion,Cheryl Burke,25.0,13,13,26,,1,1,0
31,4,8,Jessie James Decker,Alan Bersten,31.0,8,8,16,,0,0,0
31,4,9,Jordin Sparks,Brandon Armstrong,34.0,4,5,9,,0,0,0
31,4,10,Heidi D'Amelio,Artem Chigvintsev,34.0,4,4,8,,0,0,0
31,4,11,Charli D'Amelio,Mark Ballas,36.0,1,1,2,,0,0,0
31,4,13,Vinny Guadagnino,Koko Iwasaki,29.0,9,10,19,,0,0,0
31,4,14,Shangela,Gleb Savchenko,32.0,6,6,12,,0,0,0
31,4,15,Gabby Windey,Valentin Chmerkovskiy,36.0,1,2,3,,0,0,0
31,5,2,Selma Blair,Sasha Farber,40.0,4,4,8,,0,0,0
31,5,3,Joseph Baena,Daniella Karagach,35.0,10,12,22,,1,1,0
31,5,4,Trevor Donovan,Emma Slater,36.0,7,7,14,,0,0,0
31,5,5,Daniel Durant,Britt Stewart,33.5,11,10,21,,0,0,0
31,5,6,Wayne Brady,Witney Carson,41.0,2,3,5,,0,0,0
31,5,8,Jessie James Decker,Alan Bersten,36.0,7,8,15,,0,0,0
31,5,9,Jordin Sparks,Brandon Armstrong,35.5,9,11,20,,0,0,0
31,5,10,Heidi D'Amelio,Artem Chigvintsev,39.0,5,5,10,,0,0,0
31,5,11,Charli D'Amelio,Mark Ballas,42.0,1,1,2,,0,0,0
31,5,13,Vinny Guadagnino,Koko Iwasaki,31.0,12,9,21,,0,0,0
31,5,14,Shangela,Gleb Savchenko,38.5,6,6,12,,0,0,0
31,5,15,Gabby Windey,Valentin Chmerkovskiy,41.0,2,2,4,,0,0,0
31,6,4,Trevor Donovan,Emma Slater,34.0,5,6,11,,0,0,0
31,6,5,Daniel Durant,Britt Stewart,34.0,5,7,12,,0,0,0
31,6,6,Wayne Brady,Witney Carson,34.0,5,5,10,,0,0,0
31,6,8,Jessie James Decker,Alan Bersten,32.0,9,10,19,,1,1,0
31,6,9,Jordin Sparks,Brandon Armstrong,34.0,5,9,14,,0,0,0
31,6,10,Heidi D'Amelio,Artem Chigvintsev,36.0,3,4,7,,0,0,0
31,6,11,Charli D'Amelio,Mark Ballas,40.0,1,1,2,,0,0,0
31,6,13,Vinny Guadagnino,Koko Iwasaki,28.0,10,8,18,,0,0,0
31,6,14,Shangela,Gleb Savchenko,36.0,3,3,6,,0,0,0
31,6,15,Gabby Windey,Valentin Chmerkovskiy,37.0,2,2,4,,0,0,0
31,7,4,Trevor Donovan,Emma Slater,39.0,1,2,3,,0,0,0
31,7,5,Daniel Durant,Britt Stewart,36.5,4,5,9,,0,0,0
31,7,6,Wayne Brady,Witney Carson,38.0,3,3,6,,0,0,0
31,7,9,Jordin Sparks,Brandon Armstrong,34.5,8,9,17,,1,1,0
31,7,10,Heidi D'Amelio,Artem Chigvintsev,35.0,7,8,15,,0,0,0
31,7,11,Charli D'Amelio,Mark Ballas,39.0,1,1,2,,0,0,0
31,7,13,Vinny Guadagnino,Koko Iwasaki,31.5,9,7,16,,0,0,0
31,7,14,Shangela,Gleb Savchenko,36.5,4,4,8,,0,0,0
31,7,15,Gabby Windey,Valentin Chmerkovskiy,35.5,6,6,12,,0,0,0
31,8,4,Trevor Donovan,Emma Slater,39.0,5,5,10,,0,0,0
31,8,5,Daniel Durant,Britt Stewart,39.0,5,6,11,,0,0,0
31,8,6,Wayne Brady,Witney Carson,45.0,1,2,3,,0,0,0
31,8,10,Heidi D'Amelio,Artem Chigvintsev,35.0,7,8,15,,1,1,1
31,8,11,Charli D'Amelio,Mark Ballas,45.0,1,1,2,,0,0,0
31,8,13,Vinny Guadagnino,Koko Iwasaki,29.0,8,7,15,,1,1,1
31,8,14,Shangela,Gleb Savchenko,42.0,3,3,6,,0,0,0
31,8,15,Gabby Windey,Valentin Chmerkovskiy,40.0,4,4,8,,0,0,0
31,9,4,Trevor Donovan,Emma Slater,32.5,6,5,11,,1,1,1
31,9,5,Daniel Durant,Britt Stewart,34.5,5,6,11,,1,1,1
31,9,6,Wayne Brady,Witney Carson,36.5,3,3,6,,0,0,0
31,9,11,Charli D'Amelio,Mark Ballas,40.0,1,1,2,,0,0,0
31,9,14,Shangela,Gleb Savchenko,36.5,3,4,7,,0,0,0
31,9,15,Gabby Windey,Valentin Chmerkovskiy,40.0,1,2,3,,0,0,0
31,10,6,Wayne Brady,Witney Carson,38.0,3,3,6,3,0,0,0
31,10,11,Charli D'Amelio,Mark Ballas,40.0,1,1,2,1,0,0,0
31,10,14,Shangela,Gleb Savchenko,38.0,3,4,7,4,0,0,0
31,10,15,Gabby Windey,Valentin Chmerkovskiy,40.0,1,2,3,2,0,0,0
32,1,0,Jamie Lynn Spears,Alan Bersten,15.0,9,10,19,,0,0,0
32,1,1,Mira Sorvino,Gleb Savchenko,17.0,7,7,14,,0,0,0
32,1,2,Barry Williams,Peta Murgatroyd,16.0,8,8,16,,0,0,0
32,1,3,Alyson Hannigan,Sasha Farber,13.0,11,11,22,,0,0,0
32,1,4,Xochitl Gomez,Valentin Chmerkovskiy,18.0,5,5,10,,0,0,0
32,1,5,Adrian Peterson,Britt Stewart,18.0,5,6,11,,0,0,0
32,1,6,Matt Walsh,Koko Iwasaki,12.0,12,14,26,,1,1,0
32,1,7,Tyson Beckford,Jenna Johnson,12.0,12,13,25,,0,0,0
32,1,8,Jason Mraz,Daniella Karagach,21.0,2,2,4,,0,0,0
32,1,9,Lele Pons,Brandon Armstrong,19.0,4,4,8,,0,0,0
32,1,10,Harry Jowsey,Rylee Arnold,12.0,12,12,24,,0,0,0
32,1,11,Mauricio Umansky,Emma Slater,15.0,9,9,18,,0,0,0
32,1,12,Charity Lawson,Artem Chigvintsev,22.0,1,1,2,,0,0,0
32,1,13,Ariana Madix,Pasha Pashkov,21.0,2,3,5,,0,0,0
32,2,0,Jamie Lynn Spears,Alan Bersten,16.0,9,13,22,,1,1,0
32,2,1,Mira Sorvino,Gleb Savchenko,18.0,7,6,13,,0,0,0
32,2,2,Barry Williams,Peta Murgatroyd,15.0,10,9,19,,0,0,0
32,2,3,Alyson Hannigan,Sasha Farber,19.0,6,7,13,,0,0,0
32,2,4,Xochitl Gomez,Valentin Chmerkovskiy,24.0,1,2,3,,0,0,0
32,2,5,Adrian Peterson,Britt Stewart,15.0,10,10,20,,0,0,0
32,2,7,Tyson Beckford,Jenna Johnson,18.0,7,12,19,,0,0,0
32,2,8,Jason Mraz,Daniella Karagach,24.0,1,1,2,,0,0,0
32,2,9,Lele Pons,Brandon Armstrong,21.0,3,4,7,,0,0,0
32,2,10,Harry Jowsey,Rylee Arnold,15.0,10,11,21,,0,0,0
32,2,11,Mauricio Umansky,Emma Slater,12.0,13,8,21,,0,0,0
32,2,12,Charity Lawson,Artem Chigvintsev,21.0,3,3,6,,0,0,0
32,2,13,Ariana Madix,Pasha Pashkov,20.0,5,5,10,,0,0,0
32,3,1,Mira Sorvino,Gleb Savchenko,26.0,6,6,12,,0,0,0
32,3,2,Barry Williams,Peta Murgatroyd,25.0,7,7,14,,0,0,0
32,3,3,Alyson Hannigan,Sasha Farber,24.0,8,8,16,,0,0,0
32,3,4,Xochitl Gomez,Valentin Chmerkovskiy,32.0,3,3,6,,0,0,0
32,3,5,Adrian Peterson,Britt Stewart,22.0,11,11,22,,0,0,0
32,3,7,Tyson Beckford,Jenna Johnson,20.0,12,12,24,,1,1,0
32,3,8,Jason Mraz,Daniella Karagach,34.0,1,1,2,,0,0,0
32,3,9,Lele Pons,Brandon Armstrong,27.0,5,5,10,,0,0,0
32,3,10,Harry Jowsey,Rylee Arnold,24.0,8,9,17,,0,0,0
32,3,11,Mauricio Umansky,Emma Slater,23.0,10,10,20,,0,0,0
32,3,12,Charity Lawson,Artem Chigvintsev,32.0,3,4,7,,0,0,0
32,3,13,Ariana Madix,Pasha Pashkov,34.0,1,2,3,,0,0,0
32,4,1,Mira Sorvino,Gleb Savchenko,21.0,6,9,15,,0,0,0
32,4,2,Barry Williams,Peta Murgatroyd,18.0,10,5,15,,0,0,0
32,4,3,Alyson Hannigan,Sasha Farber,18.0,10,6,16,,0,0,0
32,4,4,Xochitl Gomez,Valentin Chmerkovskiy,27.0,1,1,2,,0,0,0
32,4,5,Adrian Peterson,Britt Stewart,21.0,6,11,17,,1,1,0
32,4,8,Jason Mraz,Daniella Karagach,24.0,3,3,6,,0,0,0
32,4,9,Lele Pons,Brandon Armstrong,22.0,5,8,13,,0,0,0
32,4,10,Harry Jowsey,Rylee Arnold,21.0,6,10,16,,0,0,0
32,4,11,Mauricio Umansky,Emma Slater,19.0,9,7,16,,0,0,0
32,4,12,Charity Lawson,Artem Chigvintsev,24.0,3,4,7,,0,0,0
32,4,13,Ariana Madix,Pasha Pashkov,25.0,2,2,4,,0,0,0
32,5,1,Mira Sorvino,Gleb Savchenko,22.0,8,10,18,,1,1,0
32,5,2,Barry Williams,Peta Murgatroyd,24.0,4,5,9,,0,0,0
32,5,3,Alyson Hannigan,Sasha Farber,21.0,9,8,17,,0,0,0
32,5,4,Xochitl Gomez,Valentin Chmerkovskiy,28.0,1,1,2,,0,0,0
32,5,8,Jason Mraz,Daniella Karagach,27.0,3,3,6,,0,0,0
32,5,9,Lele Pons,Brandon Armstrong,24.0,4,6,10,,0,0,0
32,5,10,Harry Jowsey,Rylee Arnold,18.0,10,7,17,,0,0,0
32,5,11,Mauricio Umansky,Emma Slater,24.0,4,9,13,,0,0,0
32,5,12,Charity Lawson,Artem Chigvintsev,28.0,1,2,3,,0,0,0
32,5,13,Ariana Madix,Pasha Pashkov,24.0,4,4,8,,0,0,0
32,6,2,Barry Williams,Peta Murgatroyd,32.0,7,7,14,,0,0,0
32,6,3,Alyson Hannigan,Sasha Farber,31.0,8,6,14,,0,0,0
32,6,4,Xochitl Gomez,Valentin Chmerkovskiy,42.0,1,1,2,,0,0,0
32,6,8,Jason Mraz,Daniella Karagach,39.0,3,3,6,,0,0,0
32,6,9,Lele Pons,Brandon Armstrong,37.0,5,8,13,,0,0,0
32,6,10,Harry Jowsey,Rylee Arnold,29.0,9,5,14,,0,0,0
32,6,11,Mauricio Umansky,Emma Slater,33.0,6,9,15,,1,1,0
32,6,12,Charity Lawson,Artem Chigvintsev,38.0,4,4,8,,0,0,0
32,6,13,Ariana Madix,Pasha Pashkov,41.0,2,2,4,,0,0,0
32,7,2,Barry Williams,Peta Murgatroyd,32.5,7,3,10,,0,0,0
32,7,3,Alyson Hannigan,Sasha Farber,35.0,6,4,10,,0,0,0
32,7,4,Xochitl Gomez,Valentin Chmerkovskiy,37.0,1,1,2,,0,0,0
32,7,8,Jason Mraz,Daniella Karagach,36.0,4,6,10,,0,0,0
32,7,9,Lele Pons,Brandon Armstrong,36.5,3,8,11,,1,1,0
32,7,10,Harry Jowsey,Rylee Arnold,32.0,8,2,10,,0,0,0
32,7,12,Charity Lawson,Artem Chigvintsev,36.0,4,5,9,,0,0,0
32,7,13,Ariana Madix,Pasha Pashkov,37.0,1,7,8,,0,0,0
32,8,2,Barry Williams,Peta Murgatroyd,35.0,5,7,12,,1,1,0
32,8,3,Alyson Hannigan,Sasha Farber,36.0,4,6,10,,0,0,0
32,8,4,Xochitl Gomez,Valentin Chmerkovskiy,40.0,2,1,3,,0,0,0
32,8,8,Jason Mraz,Daniella Karagach,33.0,6,5,11,,0,0,0
32,8,10,Harry Jowsey,Rylee Arnold,28.0,7,4,11,,0,0,0
32,8,12,Charity Lawson,Artem Chigvintsev,39.0,3,3,6,,0,0,0
32,8,13,Ariana Madix,Pasha Pashkov,42.0,1,2,3,,0,0,0
32,9,3,Alyson Hannigan,Sasha Farber,32.0,5,5,10,,0,0,0
32,9,4,Xochitl Gomez,Valentin Chmerkovskiy,41.0,2,1,3,,0,0,0
32,9,8,Jason Mraz,Daniella Karagach,43.0,1,2,3,,0,0,0
32,9,10,Harry Jowsey,Rylee Arnold,30.0,6,6,12,,1,1,0
32,9,12,Charity Lawson,Artem Chigvintsev,38.0,3,3,6,,0,0,0
32,9,13,Ariana Madix,Pasha Pashkov,37.0,4,4,8,,0,0,0
32,10,3,Alyson Hannigan,Sasha Farber,25.5,5,5,10,,0,0,0
32,10,4,Xochitl Gomez,Valentin Chmerkovskiy,30.0,1,1,2,,0,0,0
32,10,8,Jason Mraz,Daniella Karagach,28.5,4,4,8,,0,0,0
32,10,12,Charity Lawson,Artem Chigvintsev,29.5,2,2,4,,0,0,0
32,10,13,Ariana Madix,Pasha Pashkov,29.0,3,3,6,,0,0,0
32,11,3,Alyson Hannigan,Sasha Farber,26.5,5,5,10,5,0,0,0
32,11,4,Xochitl Gomez,Valentin Chmerkovskiy,30.0,1,1,2,1,0,0,0
32,11,8,Jason Mraz,Daniella Karagach,30.0,1,2,3,2,0,0,0
32,11,12,Charity Lawson,Artem Chigvintsev,29.5,3,4,7,4,0,0,0
32,11,13,Ariana Madix,Pasha Pashkov,29.5,3,3,6,3,0,0,0
33,1,0,Tori Spelling,Pasha Pashkov,17.0,11,11,22,,0,0,0
33,1,1,Eric Roberts,Britt Stewart,15.0,13,13,26,,0,0,0
33,1,2,Reginald VelJohnson,Emma Slater,16.0,12,12,24,,0,0,0
33,1,3,Chandler Kinney,Brandon Armstrong,23.0,1,1,2,,0,0,0
33,1,4,Dwight Howard?,Daniella Karagach,22.0,2,2,4,,0,0,0
33,1,5,Danny Amendola,Witney Carson,20.0,5,5,10,,0,0,0
33,1,6,Stephen Nedoroscik,Rylee Arnold,21.0,3,4,7,,0,0,0
33,1,7,Ilona Maher,Alan Bersten,18.0,8,8,16,,0,0,0
33,1,8,Anna Delvey,Ezra Sosa,18.0,8,10,18,,0,0,0
33,1,9,Brooks Nader,Gleb Savchenko,18.0,8,9,17,,0,0,0
33,1,10,Phaedra Parks,Val Chmerkovskiy,19.0,6,6,12,,0,0,0
33,1,11,Jenn Tran,Sasha Farber,19.0,6,7,13,,0,0,0
33,1,12,Joey Graziadei,Jenna Johnson,21.0,3,3,6,,0,0,0
33,2,0,Tori Spelling,Pasha Pashkov,19.0,9,13,22,,1,1,0
33,2,1,Eric Roberts,Britt Stewart,15.0,12,9,21,,0,0,0
33,2,2,Reginald VelJohnson,Emma Slater,15.0,12,8,20,,0,0,0
33,2,3,Chandler Kinney,Brandon Armstrong,24.0,1,1,2,,0,0,0
33,2,4,Dwight Howard?,Daniella Karagach,22.0,2,4,6,,0,0,0
33,2,5,Danny Amendola,Witney Carson,21.0,5,5,10,,0,0,0
33,2,6,Stephen Nedoroscik,Rylee Arnold,22.0,2,3,5,,0,0,0
33,2,7,Ilona Maher,Alan Bersten,21.0,5,7,12,,0,0,0
33,2,8,Anna Delvey,Ezra Sosa,17.0,11,12,23,,1,1,2
33,2,9,Brooks Nader,Gleb Savchenko,20.0,8,10,18,,0,0,0
33,2,10,Phaedra Parks,Val Chmerkovskiy,21.0,5,6,11,,0,0,0
33,2,11,Jenn Tran,Sasha Farber,19.0,9,11,20,,0,0,0
33,2,12,Joey Graziadei,Jenna Johnson,22.0,2,2,4,,0,0,0
33,3,1,Eric Roberts,Britt Stewart,23.0,10,11,21,,1,1,1
33,3,2,Reginald VelJohnson,Emma Slater,21.0,11,10,21,,1,1,1
33,3,3,Chandler Kinney,Brandon Armstrong,34.5,2,2,4,,0,0,0
33,3,4,Dwight Howard?,Daniella Karagach,26.0,9,9,18,,0,0,0
33,3,5,Danny Amendola,Witney Carson,30.0,6,5,11,,0,0,0
33,3,6,Stephen Nedoroscik,Rylee Arnold,31.0,3,3,6,,0,0,0
33,3,7,Ilona Maher,Alan Bersten,28.0,7,8,15,,0,0,0
33,3,9,Brooks Nader,Gleb Savchenko,30.5,5,6,11,,0,0,0
33,3,10,Phaedra Parks,Val Chmerkovskiy,28.0,7,7,14,,0,0,0
33,3,11,Jenn Tran,Sasha Farber,31.0,3,4,7,,0,0,0
33,3,12,Joey Graziadei,Jenna Johnson,35.0,1,1,2,,0,0,0
33,4,3,Chandler Kinney,Brandon Armstrong,32.0,4,4,8,,0,0,0
33,4,4,Dwight Howard?,Daniella Karagach,29.0,9,3,12,,0,0,0
33,4,5,Danny Amendola,Witney Carson,36.0,1,2,3,,0,0,0
33,4,6,Stephen Nedoroscik,Rylee Arnold,33.0,3,5,8,,0,0,0
33,4,7,Ilona Maher,Alan Bersten,32.0,4,7,11,,0,0,0
33,4,9,Brooks Nader,Gleb Savchenko,32.0,4,9,13,,1,1,0
33,4,10,Phaedra Parks,Val Chmerkovskiy,32.0,4,8,12,,0,0,0
33,4,11,Jenn Tran,Sasha Farber,32.0,4,6,10,,0,0,0
33,4,12,Joey Graziadei,Jenna Johnson,36.0,1,1,2,,0,0,0
33,5,3,Chandler Kinney,Brandon Armstrong,27.0,1,1,2,,0,0,0
33,5,4,Dwight Howard?,Daniella Karagach,24.0,6,6,12,,0,0,0
33,5,5,Danny Amendola,Witney Carson,25.5,4,4,8,,0,0,0
33,5,6,Stephen Nedoroscik,Rylee Arnold,24.0,6,7,13,,0,0,0
33,5,7,Ilona Maher,Alan Bersten,26.0,2,3,5,,0,0,0
33,5,10,Phaedra Parks,Val Chmerkovskiy,24.0,6,8,14,,1,1,0
33,5,11,Jenn Tran,Sasha Farber,25.5,4,5,9,,0,0,0
33,5,12,Joey Graziadei,Jenna Johnson,26.0,2,2,4,,0,0,0
33,6,3,Chandler Kinney,Brandon Armstrong,32.0,1,1,2,,0,0,0
33,6,4,Dwight Howard?,Daniella Karagach,31.0,3,6,9,,0,0,0
33,6,5,Danny Amendola,Witney Carson,28.0,5,3,8,,0,0,0
33,6,6,Stephen Nedoroscik,Rylee Arnold,28.0,5,4,9,,0,0,0
33,6,7,Ilona Maher,Alan Bersten,24.0,7,2,9,,0,0,0
33,6,11,Jenn Tran,Sasha Farber,31.0,3,7,10,,1,1,0
33,6,12,Joey Graziadei,Jenna Johnson,32.0,1,5,6,,0,0,0
33,7,3,Chandler Kinney,Brandon Armstrong,30.0,1,1,2,,0,0,0
33,7,4,Dwight Howard?,Daniella Karagach,24.0,6,6,12,,1,1,0
33,7,5,Danny Amendola,Witney Carson,25.5,5,5,10,,0,0,0
33,7,6,Stephen Nedoroscik,Rylee Arnold,27.0,3,3,6,,0,0,0
33,7,7,Ilona Maher,Alan Bersten,26.0,4,4,8,,0,0,0
33,7,12,Joey Graziadei,Jenna Johnson,27.5,2,2,4,,0,0,0
33,8,3,Chandler Kinney,Brandon Armstrong,29.0,1,2,3,,0,0,0
33,8,5,Danny Amendola,Witney Carson,27.0,4,4,8,,0,0,0
33,8,6,Stephen Nedoroscik,Rylee Arnold,26.5,5,5,10,,0,0,0
33,8,7,Ilona Maher,Alan Bersten,28.5,3,3,6,,0,0,0
33,8,12,Joey Graziadei,Jenna Johnson,29.0,1,1,2,,0,0,0
33,9,3,Chandler Kinney,Brandon Armstrong,30.0,1,4,5,2,0,0,0
33,9,5,Danny Amendola,Witney Carson,28.0,5,5,10,5,0,0,0
33,9,6,Stephen Nedoroscik,Rylee Arnold,29.5,2,3,5,3,0,0,0
33,9,7,Ilona Maher,Alan Bersten,28.5,4,1,5,4,0,0,0
33,9,12,Joey Graziadei,Jenna Johnson,29.5,2,2,4,1,0,0,0
34,1,0,Corey Feldman,Jenna Johnson,9.0,13,14,27,,0,0,0
34,1,1,Danielle Fishel,Pasha Pashkov,12.0,6,8,14,,0,0,0
34,1,2,Elaine Hendrix,Alan Bersten (Rashad Jennings week 9),12.0,6,7,13,,0,0,0
34,1,3,Baron Davis,Britt Stewart,10.0,9,12,21,,0,0,0
34,1,4,Jordan Chiles,Ezra Sosa (Apolo Anton Ohno week 9),10.0,9,9,18,,0,0,0
34,1,5,Andy Richter,Emma Slater/Kaitlyn Bristowe (week 9),9.0,13,13,26,,0,0,0
34,1,6,Robert Irwin,Witney Carson (Xoshitl Gomez week 9),15.0,1,2,3,,0,0,0
34,1,7,Hilaria Baldwin,Gleb Savchenko,14.0,3,3,6,,0,0,0
34,1,8,Lauren Jauregui,Brandon Armstrong,13.0,4,5,9,,0,0,0
34,1,9,Scott Hoying,Rylee Arnold,10.0,9,11,20,,0,0,0
34,1,10,Alix Earle,Val Chmerkovskiy (Joey Graziadei week 9),13.0,4,4,8,,0,0,0
34,1,11,Jen Affleck,Jan Ravnik,12.0,6,6,12,,0,0,0
34,1,12,Whitney Leavitt,Mark Ballas,15.0,1,1,2,,0,0,0
34,1,13,Dylan Efron,Daniella Karagach (Rumer Willis week 9),10.0,9,10,19,,0,0,0
34,2,0,Corey Feldman,Jenna Johnson,15.0,14,12,26,,1,1,2
34,2,1,Danielle Fishel,Pasha Pashkov,19.0,10,10,20,,0,0,0
34,2,2,Elaine Hendrix,Alan Bersten (Rashad Jennings week 9),21.0,5,7,12,,0,0,0
34,2,3,Baron Davis,Britt Stewart,18.0,11,14,25,,1,1,0
34,2,4,Jordan Chiles,Ezra Sosa (Apolo Anton Ohno week 9),22.0,1,3,4,,0,0,0
34,2,5,Andy Richter,Emma Slater/Kaitlyn Bristowe (week 9),16.0,13,11,24,,0,0,0
34,2,6,Robert Irwin,Witney Carson (Xoshitl Gomez week 9),22.0,1,2,3,,0,0,0
34,2,7,Hilaria Baldwin,Gleb Savchenko,21.0,5,6,11,,0,0,0
34,2,8,Lauren Jauregui,Brandon Armstrong,21.0,5,8,13,,0,0,0
34,2,9,Scott Hoying,Rylee Arnold,18.0,11,13,24,,0,0,0
34,2,10,Alix Earle,Val Chmerkovskiy (Joey Graziadei week 9),21.0,5,5,10,,0,0,0
34,2,11,Jen Affleck,Jan Ravnik,22.0,1,4,5,,0,0,0
34,2,12,Whitney Leavitt,Mark Ballas,22.0,1,1,2,,0,0,0
34,2,13,Dylan Efron,Daniella Karagach (Rumer Willis week 9),20.0,9,9,18,,0,0,0
34,3,1,Danielle Fishel,Pasha Pashkov,21.0,8,9,17,,0,0,0
34,3,2,Elaine Hendrix,Alan Bersten (Rashad Jennings week 9),21.0,8,8,16,,0,0,0
34,3,4,Jordan Chiles,Ezra Sosa (Apolo Anton Ohno week 9),24.0,1,2,3,,0,0,0
34,3,5,Andy Richter,Emma Slater/Kaitlyn Bristowe (week 9),18.0,11,11,22,,0,0,0
34,3,6,Robert Irwin,Witney Carson (Xoshitl Gomez week 9),22.0,5,5,10,,0,0,0
34,3,7,Hilaria Baldwin,Gleb Savchenko,22.0,5,6,11,,0,0,0
34,3,8,Lauren Jauregui,Brandon Armstrong,18.0,11,12,23,,1,1,0
34,3,9,Scott Hoying,Rylee Arnold,22.0,5,7,12,,0,0,0
34,3,10,Alix Earle,Val Chmerkovskiy (Joey Graziadei week 9),23.0,3,3,6,,0,0,0
34,3,11,Jen Affleck,Jan Ravnik,19.0,10,10,20,,0,0,0
34,3,12,Whitney Leavitt,Mark Ballas,24.0,1,1,2,,0,0,0
34,3,13,Dylan Efron,Daniella Karagach (Rumer Willis week 9),23.0,3,4,7,,0,0,0
34,4,1,Danielle Fishel,Pasha Pashkov,21.0,9,6,15,,0,0,0
34,4,2,Elaine Hendrix,Alan Bersten (Rashad Jennings week 9),24.0,2,8,10,,0,0,0
34,4,4,Jordan Chiles,Ezra Sosa (Apolo Anton Ohno week 9),24.0,2,3,5,,0,0,0
34,4,5,Andy Richter,Emma Slater/Kaitlyn Bristowe (week 9),18.0,11,4,15,,0,0,0
34,4,6,Robert Irwin,Witney Carson (Xoshitl Gomez week 9),22.0,8,7,15,,0,0,0
34,4,7,Hilaria Baldwin,Gleb Savchenko,23.0,5,11,16,,1,1,0
34,4,9,Scott Hoying,Rylee Arnold,21.0,9,5,14,,0,0,0
34,4,10,Alix Earle,Val Chmerkovskiy (Joey Graziadei week 9),24.0,2,2,4,,0,0,0
34,4,11,Jen Affleck,Jan Ravnik,23.0,5,10,15,,0,0,0
34,4,12,Whitney Leavitt,Mark Ballas,25.0,1,1,2,,0,0,0
34,4,13,Dylan Efron,Daniella Karagach (Rumer Willis week 9),23.0,5,9,14,,0,0,0
34,5,1,Danielle Fishel,Pasha Pashkov,29.0,8,8,16,,0,0,0
34,5,2,Elaine Hendrix,Alan Bersten (Rashad Jennings week 9),30.0,6,6,12,,0,0,0
34,5,4,Jordan Chiles,Ezra Sosa (Apolo Anton Ohno week 9),32.0,5,5,10,,0,0,0
34,5,5,Andy Richter,Emma Slater/Kaitlyn Bristowe (week 9),24.0,10,10,20,,0,0,0
34,5,6,Robert Irwin,Witney Carson (Xoshitl Gomez week 9),35.0,2,2,4,,0,0,0
34,5,9,Scott Hoying,Rylee Arnold,30.0,6,7,13,,0,0,0
34,5,10,Alix Earle,Val Chmerkovskiy (Joey Graziadei week 9),35.0,2,1,3,,0,0,0
34,5,11,Jen Affleck,Jan Ravnik,29.0,8,9,17,,0,0,0
34,5,12,Whitney Leavitt,Mark Ballas,33.0,4,4,8,,0,0,0
34,5,13,Dylan Efron,Daniella Karagach (Rumer Willis week 9),36.0,1,3,4,,0,0,0
34,6,1,Danielle Fishel,Pasha Pashkov,36.0,3,5,8,,0,0,0
34,6,2,Elaine Hendrix,Alan Bersten (Rashad Jennings week 9),36.0,3,4,7,,0,0,0
34,6,4,Jordan Chiles,Ezra Sosa (Apolo Anton Ohno week 9),39.0,1,2,3,,0,0,0
34,6,5,Andy Richter,Emma Slater/Kaitlyn Bristowe (week 9),27.0,10,8,18,,0,0,0
34,6,6,Robert Irwin,Witney Carson (Xoshitl Gomez week 9),36.0,3,3,6,,0,0,0
34,6,9,Scott Hoying,Rylee Arnold,28.0,9,10,19,,1,1,0
34,6,10,Alix Earle,Val Chmerkovskiy (Joey Graziadei week 9),35.0,6,6,12,,0,0,0
34,6,11,Jen Affleck,Jan Ravnik,32.0,7,9,16,,0,0,0
34,6,12,Whitney Leavitt,Mark Ballas,39.0,1,1,2,,0,0,0
34,6,13,Dylan Efron,Daniella Karagach (Rumer Willis week 9),32.0,7,7,14,,0,0,0
34,7,1,Danielle Fishel,Pasha Pashkov,35.0,6,8,14,,0,0,0
34,7,2,Elaine Hendrix,Alan Bersten (Rashad Jennings week 9),32.0,8,7,15,,0,0,0
34,7,4,Jordan Chiles,Ezra Sosa (Apolo Anton Ohno week 9),38.0,4,4,8,,0,0,0
34,7,5,Andy Richter,Emma Slater/Kaitlyn Bristowe (week 9),29.0,9,6,15,,0,0,0
34,7,6,Robert Irwin,Witney Carson (Xoshitl Gomez week 9),41.0,3,3,6,,0,0,0
34,7,10,Alix Earle,Val Chmerkovskiy (Joey Graziadei week 9),43.0,1,2,3,,0,0,0
34,7,11,Jen Affleck,Jan Ravnik,34.0,7,9,16,,1,1,0
34,7,12,Whitney Leavitt,Mark Ballas,42.0,2,1,3,,0,0,0
34,7,13,Dylan Efron,Daniella Karagach (Rumer Willis week 9),38.0,4,5,9,,0,0,0
34,8,1,Danielle Fishel,Pasha Pashkov,37.0,7,8,15,,1,1,0
34,8,2,Elaine Hendrix,Alan Bersten (Rashad Jennings week 9),37.5,6,7,13,,0,0,0
34,8,4,Jordan Chiles,Ezra Sosa (Apolo Anton Ohno week 9),39.0,2,2,4,,0,0,0
34,8,5,Andy Richter,Emma Slater/Kaitlyn Bristowe (week 9),34.0,8,6,14,,0,0,0
34,8,6,Robert Irwin,Witney Carson (Xoshitl Gomez week 9),38.0,4,4,8,,0,0,0
34,8,10,Alix Earle,Val Chmerkovskiy (Joey Graziadei week 9),38.5,3,3,6,,0,0,0
34,8,12,Whitney Leavitt,Mark Ballas,39.5,1,1,2,,0,0,0
34,8,13,Dylan Efron,Daniella Karagach (Rumer Willis week 9),38.0,4,5,9,,0,0,0
34,9,2,Elaine Hendrix,Alan Bersten (Rashad Jennings week 9),36.0,6,6,12,,0,0,0
34,9,4,Jordan Chiles,Ezra Sosa (Apolo Anton Ohno week 9),39.0,5,5,10,,0,0,0
34,9,5,Andy Richter,Emma Slater/Kaitlyn Bristowe (week 9),29.0,7,7,14,,1,1,0
34,9,6,Robert Irwin,Witney Carson (Xoshitl Gomez week 9),42.0,1,3,4,,0,0,0
34,9,10,Alix Earle,Val Chmerkovskiy (Joey Graziadei week 9),40.0,4,4,8,,0,0,0
34,9,12,Whitney Leavitt,Mark Ballas,42.0,1,2,3,,0,0,0
34,9,13,Dylan Efron,Daniella Karagach (Rumer Willis week 9),42.0,1,1,2,,0,0,0
34,10,2,Elaine Hendrix,Alan Bersten (Rashad Jennings week 9),28.5,4,3,7,,0,0,0
34,10,4,Jordan Chiles,Ezra Sosa (Apolo Anton Ohno week 9),28.5,4,2,6,,0,0,0
34,10,6,Robert Irwin,Witney Carson (Xoshitl Gomez week 9),29.5,1,4,5,,0,0,0
34,10,10,Alix Earle,Val Chmerkovskiy (Joey Graziadei week 9),29.0,2,5,7,,0,0,0
34,10,12,Whitney Leavitt,Mark Ballas,29.0,2,6,8,,1,1,0
34,10,13,Dylan Efron,Daniella Karagach (Rumer Willis week 9),27.5,6,1,7,,0,0,0
34,11,2,Elaine Hendrix,Alan Bersten (Rashad Jennings week 9),28.9998,5,5,10,5,0,0,0
34,11,4,Jordan Chiles,Ezra Sosa (Apolo Anton Ohno week 9),29.6666,2,3,5,3,0,0,0
34,11,6,Robert Irwin,Witney Carson (Xoshitl Gomez week 9),29.6666,2,1,3,1,0,0,0
34,11,10,Alix Earle,Val Chmerkovskiy (Joey Graziadei week 9),30.0,1,2,3,2,0,0,0
34,11,13,Dylan Efron,Daniella Karagach (Rumer Willis week 9),29.3332,4,4,8,4,0,0,0
